<?xml version="1.0" encoding="UTF-8"?>
<root>
  <item name="com.philips.pins.shinelib.SHNCentral com.philips.pins.shinelib.SHNDevice createSHNDeviceForAddressAndDefinition(java.lang.String, com.philips.pins.shinelib.SHNDeviceDefinitionInfo)">
    <annotation name="android.support.annotation.VisibleForTesting" />
  </item>
  <item name="com.philips.pins.shinelib.SHNDeviceAssociation boolean isRunningOnTheInternalThread()">
    <annotation name="android.support.annotation.VisibleForTesting" />
  </item>
  <item name="com.philips.pins.shinelib.SHNDeviceScanner java.util.concurrent.FutureTask&lt;java.lang.Boolean&gt; startScanningWithFuture(com.philips.pins.shinelib.SHNDeviceScanner.SHNDeviceScannerListener, com.philips.pins.shinelib.SHNDeviceScanner.ScannerSettingDuplicates, long)">
    <annotation name="android.support.annotation.VisibleForTesting" />
  </item>
  <item name="com.philips.pins.shinelib.SHNService int numberOfRegisteredDiscoveryListeners()">
    <annotation name="android.support.annotation.VisibleForTesting" />
  </item>
</root>

